speaker_id,f1,f2,f3,vowel,gender,word,c_initial,c_final,v_length,group,ci,cf,group2
M01,408.493779,1041.131,,u,m,kull,back,front,short,bf,k,l,kl
M01,843.63,1495.42,,a,m,pap,front,front,short,ff,p,p,pp
M01,689.0293,1686.51,,e,m,dek,front,back,short,fb,d,k,dk
M01,400.9,2183.32,,i,m,pik,front,back,short,fb,p,k,pk
M01,495.687,885.863,,o,m,pok,front,back,short,fb,p,k,pk
M01,787.84,1427.4,,oa,m,poar,front,back,short,fb,p,r,pr
M01,722.300864,1376.174458,,oa,m,koal,back,front,short,bf,k,l,kl
M01,383.912423,969.0466,,u,m,tuki,back,back,short,bb,t,k,tk
M01,842.008232,1766.09,,a,m,pahpa,front,front,long,ff,p,p,pp
M01,623.852203,1727.79,,e,m,dehk,front,back,long,fb,d,k,dk
M01,398.05,2208.04,,i,m,pihk,front,back,long,fb,p,k,pk
M01,463.029967,908.136,,o,m,pohk,front,back,long,fb,p,k,pk
M01,755.96883,1270.103014,,oa,m,poahr,front,back,long,fb,p,r,pr
M01,740.9039,1216.43,,oa,m,koahl,back,front,long,bf,k,l,kl
M01,372.23883,1012.014,,u,m,tuhke,back,back,long,bb,t,k,tk
M01,851.953822,1598.98981,,a,m,pak,front,back,short,fb,p,k,pk
M01,765.48,1259.93,,a,m,kapa,back,front,short,bf,k,p,kp
M01,948.6446,1475.478,,a,m,kak,back,back,short,bb,k,k,kk
M01,868.57,1625,,a,m,pahk,front,back,long,fb,p,k,pk
M01,845.21,1427.96,,a,m,kahk,back,back,long,bb,k,k,kk
M01,929.7296,1645.095,,a,m,kahp,back,front,long,bf,k,p,kp
M01,380.455,1018.36,,u,m,dul,front,front,short,ff,d,l,dl
M01,434.956,1012.37,,u,m,kuk,back,back,short,bb,k,k,kk
M01,429.71,1201.28,,u,m,duk,front,back,short,fb,d,k,dk
M01,363.28,997.62,,u,m,duhp,front,front,long,ff,d,p,dp
M01,387.58,888.142,,u,m,kuht,back,back,long,bb,k,t,kt
M01,377.586226,1070.44,,u,m,duhkihla,front,back,long,fb,d,k,dk
M01,341.996973,777.12,,u,m,kuhpene,back,front,long,bf,k,p,kp
M01,438.676927,1800.848,,i,m,pip,front,front,short,ff,p,p,pp
M01,482.142476,1788.0917,,i,m,kik,back,back,short,bb,k,k,kk
M01,427.942083,2146.022,,i,m,pik,front,back,short,fb,p,k,pk
M01,407.730561,1216.889,,i,m,kipar,back,front,short,bf,k,p,kp
M01,393.885672,2333.475862,,i,m,dihp,front,front,long,ff,d,p,dp
M01,404.72133,2297.635,,i,m,kihk,back,back,long,bb,k,k,kk
M01,441.946881,2277.32,,i,m,kihd,back,front,long,bf,k,d,kd
M01,453.723927,1415.577884,,o,m,popohl,front,front,short,ff,p,p,pp
M01,392.688704,909.55339,,o,m,kokus,back,back,short,bb,k,k,kk
M01,475.017163,902.897257,,o,m,kohp,back,front,long,bf,k,p,kp
M01,777.56,1348.127797,,oa,m,poad,front,front,short,ff,p,d,pd
M01,546.6,1074.212,,oa,m,koakon,back,back,short,bb,k,k,kk
M01,463.004614,1227.488287,,o,m,kopil,back,front,short,bf,k,p,kp
M01,456.28662,928.7899,,o,m,dohpeseng,front,front,long,ff,d,p,dp
M01,539.36479,1021.685536,,oa,m,koakon,back,back,short,bb,k,k,kk
M01,487.121349,927.311625,,o,m,kohke,back,back,long,bb,k,k,kk
M01,672.171916,1359.8,,oa,m,poak,front,back,short,fb,p,k,pk
M01,642.327214,1684.735997,,oa,m,koadi,back,front,short,bf,k,d,kd
M01,751.5852,1328.025,,oa,m,poahd,front,front,long,ff,p,d,pd
M01,757.15749,1167.41,,oa,m,koahkoa,back,back,long,bb,k,k,kk
M01,699.602734,1148.4,,oa,m,koahpi,back,front,long,bf,k,p,kp
M01,580.4279,1659.09,,e,m,pepe,front,front,short,ff,p,p,pp
M01,533.955,1672.588,,e,m,keke,back,back,short,bb,k,k,kk
M01,527.687,1436.63,,e,m,peki,front,back,short,fb,p,k,pk
M01,623.600515,1330.322539,,e,m,kep,back,front,short,bf,k,p,kp
M01,572.529071,1919.12,,e,m,pehpe,front,front,long,ff,p,p,pp
M01,513.685596,1906.209067,,e,m,kehk,back,back,long,bb,k,k,kk
M01,511.149583,1745.309163,,e,m,pehkiek,front,back,long,fb,p,k,pk
M01,628.328483,1847.859856,,e,m,kehp,back,front,long,bf,k,p,kp
M01,574.545663,1792.871175,,e,m,pehkiek,front,back,long,fb,p,k,pk
M02,506.414997,1038.66,,u,m,kull,back,front,short,bf,k,l,kl
M02,835.115372,1715.320167,,a,m,pap,front,front,short,ff,p,p,pp
M02,678.792,1786.43,,e,m,dek,front,back,short,fb,d,k,dk
M02,399.480219,2158.407827,,i,m,pik,front,back,short,fb,p,k,pk
M02,542.77592,919.578146,,o,m,pok,front,back,short,fb,p,k,pk
M02,690.59,954.652,,oa,m,poar,front,back,short,fb,p,r,pr
M02,725.708123,1084.38,,oa,m,koal,back,front,short,bf,k,l,kl
M02,459.842318,1071.749202,,u,m,tuki,back,back,short,bb,t,k,tk
M02,894.611667,1671.251782,,a,m,pahpa,front,front,long,ff,p,p,pp
M02,543.865381,2182.748,,e,m,dehk,front,back,long,fb,d,k,dk
M02,465.556977,2771.324557,,i,m,pihk,front,back,long,fb,p,k,pk
M02,663.722674,1110.963695,,oa,m,poahk,front,back,long,fb,p,k,pk
M02,679.61,1002.944,,oa,m,poahr,front,back,long,fb,p,r,pr
M02,673.199456,981.035,,oa,m,koahl,back,front,long,bf,k,l,kl
M02,367.02751,930.94,,u,m,tuhke,back,back,long,bb,t,k,tk
M02,830.571145,1540.77,,a,m,pak,front,back,short,fb,p,k,pk
M02,916.527881,1493.53,,a,m,kapa,back,front,short,bf,k,p,kp
M02,817.306201,1484.235874,,a,m,kak,back,back,short,bb,k,k,kk
M02,942.115033,1734.472423,,a,m,pahk,front,back,long,fb,p,k,pk
M02,944.515746,1586.238737,,a,m,kahk,back,back,long,bb,k,k,kk
M02,904.390127,1665.497186,,a,m,kahp,back,front,long,bf,k,p,kp
M02,443.787543,748.801052,,u,m,dul,front,front,short,ff,d,l,dl
M02,532.627076,845.952712,,u,m,kuk,back,back,short,bb,k,k,kk
M02,410.608455,981.666801,,u,m,duk,front,back,short,fb,d,k,dk
M02,332.466988,812.537716,,u,m,duhp,front,front,long,ff,d,p,dp
M02,381.99228,825.883551,,u,m,kuht,back,back,long,bb,k,t,kt
M02,465.284379,769.176256,,u,m,duhkihla,front,back,long,fb,d,k,dk
M02,470.0069,731.803686,,u,m,kuhpene,back,front,long,bf,k,p,kp
M02,513.686539,1993.738923,,i,m,pip,front,front,short,ff,p,p,pp
M02,459.754806,2005.225887,,i,m,kik,back,back,short,bb,k,k,kk
M02,474.404881,2105.667633,,i,m,pik,front,back,short,fb,p,k,pk
M02,439.080839,2311.206986,,i,m,kipar,back,front,short,bf,k,p,kp
M02,846.653414,1562.893669,,a,m,kipar,front,back,short,fb,k,p,kp
M02,393.3763,2893.727887,,i,m,dihp,front,front,long,ff,d,p,dp
M02,498.273068,2506.638819,,i,m,kihk,back,back,long,bb,k,k,kk
M02,509.374672,2690.282904,,i,m,kihd,back,front,long,bf,k,d,kd
M02,486.481534,1107.156555,,o,m,popohl,front,front,short,ff,p,p,pp
M02,468.47,901.16,,o,m,kokus,back,back,short,bb,k,k,kk
M02,508.139107,776.803342,,o,m,kohp,back,front,long,bf,k,p,kp
M02,717.906371,1090.49241,,oa,m,poad,front,front,short,ff,p,d,pd
M02,656.283921,927.94648,,oa,m,koakon,back,back,short,bb,k,k,kk
M02,513.079814,965.211,,o,m,kopil,back,front,short,bf,k,p,kp
M02,477.808257,821.275144,,o,m,dohpeseng,front,front,long,ff,d,p,dp
M02,651.553602,972.231726,,oa,m,koakon,back,back,short,bb,k,k,kk
M02,557.019323,868.275837,,o,m,kohke,back,back,long,bb,k,k,kk
M02,763.83005,1172.372999,,oa,m,poak,front,back,short,fb,p,k,pk
M02,489.701184,861.202029,,oa,m,koadi,back,front,short,bf,k,d,kd
M02,804.976916,1141.857129,,oa,m,poahd,front,front,long,ff,p,d,pd
M02,718.939497,1057.98,,oa,m,koahkoa,back,back,long,bb,k,k,kk
M02,714.839995,1064.766354,,oa,m,koahpi,back,front,long,bf,k,p,kp
M02,501.997243,2098.770818,,e,m,pepe,front,front,short,ff,p,p,pp
M02,487.962693,2135.004125,,e,m,keke,back,back,short,bb,k,k,kk
M02,673.397692,1697.201896,,e,m,peki,front,back,short,fb,p,k,pk
M02,748.518044,1645.86,,e,m,kep,back,front,short,bf,k,p,kp
M02,570.345655,2057.11961,,e,m,pehpe,front,front,long,ff,p,p,pp
M02,550.997881,2098.088278,,e,m,kehk,back,back,long,bb,k,k,kk
M02,589.584912,2069.305821,,e,m,pehkiek,front,back,short,fb,p,k,pk
M02,518.931325,2155.062552,,e,m,kehp,back,front,long,bf,k,p,kp
M02,533.144053,1995.8282,,e,m,pehkiek,front,back,long,fb,p,k,pk
M01,440.31,2107.4,,i,m,pik,front,back,short,fb,p,k,pk
M01,841.583298,1657.28,,a,m,pap,front,front,short,ff,p,p,pp
M01,518.1222494,1672.9456,,e,m,dek,front,back,short,fb,d,k,dk
M01,750.03,1302.566,,oa,m,koal,back,front,short,bf,k,l,kl
M01,499.051659,1022.972,,o,m,pok,front,back,short,fb,p,k,pk
M01,777.259192,1328.35,,oa,m,poar,front,back,short,fb,p,r,pr
M01,488.347,1802.3265,,e,m,dehk,front,back,long,fb,d,k,dk
M01,373.525,1364.059584,,u,m,tuki,back,back,short,bb,t,k,tk
M01,838.321,1503.645,,a,m,pahpa,front,front,long,ff,p,p,pp
M01,743.7849,1298.087884,,oa,m,poahr,front,back,long,fb,p,r,pr
M01,368.26,2365.15,,i,m,pihk,front,back,long,fb,p,k,pk
M01,521.462662,1027.771886,,o,m,pohk,front,back,long,fb,p,k,pk
M01,778.0486,1533.86795,,a,m,pak,front,back,short,fb,p,k,pk
M01,730.284,1110.6389,,oa,m,koahl,back,front,long,bf,k,l,kl
M01,356.1293,1068.043869,,u,m,tuhke,back,back,long,bb,t,k,tk
M01,835.095387,1522.797301,,a,m,pahk,front,back,long,fb,p,k,pk
M01,864.625022,1467.478,,a,m,kapa,back,front,short,bf,k,p,kp
M01,394.280787,1069.882392,,u,m,kull,back,front,short,bf,k,l,kl
M01,839.576,1463.068998,,a,m,kak,back,back,short,bb,k,k,kk
M01,412.656555,1053.572463,,u,m,dul,front,front,short,ff,d,l,dl
M01,895.320185,1581.794949,,a,m,kahk,back,back,long,bb,k,k,kk
M01,886.946,1627.775,,a,m,kahp,back,front,long,bf,k,p,kp
M01,387.308242,1013.564297,,u,m,duhp,front,front,long,ff,d,p,dp
M01,388.0723,877.797,,u,m,kuk,back,back,short,bb,k,k,kk
M01,385.422154,1003.749594,,u,m,duk,front,back,short,fb,d,k,dk
M01,356.518774,891.67546,,u,m,kuhpene,back,front,long,bf,k,p,kp
M01,356.091126,778.772511,,u,m,kuht,back,back,long,bb,k,t,kt
M01,380.29,1016.85,,u,m,duhkihla,front,back,long,fb,d,k,dk
M01,446.213989,2173.47,,i,m,pik,front,back,short,fb,p,k,pk
M01,417.65,1762.7,,i,m,pip,front,front,short,ff,p,p,pp
M01,424.658744,1739.229739,,i,m,kik,back,back,short,bb,k,k,kk
M01,402.8558,2273.556,,i,m,kihk,back,back,long,bb,k,k,kk
M01,411.632443,1179.151273,,i,m,kipar,back,front,short,bf,k,p,kp
M01,356.859993,1782.5476,,i,m,dihp,front,front,long,ff,d,p,dp
M01,468.5089,929.76,,o,m,kokus,back,back,short,bb,k,k,kk
M01,388.4898,2339.256,,i,m,kihd,back,front,long,bf,k,d,kd
M01,476.76,1392.093366,,o,m,popohl,front,front,short,ff,p,p,pp
M01,778.35447,1027.625791,,oa,m,koakon,back,back,short,bb,k,k,kk
M01,424.82436,806.97643,,o,m,kohp,back,front,long,bf,k,p,kp
M01,724.775196,1558.398299,,oa,m,poad,front,front,short,ff,p,d,pd
M01,566.141054,1118.754,,oa,m,koakon,back,back,short,bb,k,k,kk
M01,481.1986,1137.686834,,o,m,kopil,back,front,short,bf,k,p,kp
M01,477.29,1058.18,,o,m,dohpeseng,front,front,long,ff,d,p,dp
M01,589.1365,1200.738552,,oa,m,koadi,back,front,short,bf,k,d,kd
M01,446.023563,773.236687,,o,m,kohke,back,back,long,bb,k,k,kk
M01,710.867089,1271.661458,,oa,m,poak,front,back,short,fb,p,k,pk
M01,683.164116,1189.443653,,oa,m,koahpi,back,front,long,bf,k,p,kp
M01,685.78229,1341.750348,,oa,m,poahd,front,front,long,ff,p,d,pd
M01,556.891312,1118.959992,,oa,m,koahkoa,back,back,long,bb,k,k,kk
M01,640.684043,1370.150587,,e,m,peki,front,back,short,fb,p,k,pk
M01,566.007258,1614.615,,e,m,pepe,front,front,short,ff,p,p,pp
M01,556.014055,1509.365,,e,m,keke,back,back,short,bb,k,k,kk
M01,575.39,1738.61,,e,m,kehk,back,back,long,bb,k,k,kk
M01,681.804565,1557.442537,,e,m,kep,back,front,short,bf,k,p,kp
M01,528.32,1904.55466,,e,m,pehpe,front,front,long,ff,p,p,pp
M01,516.520786,627.0181,,e,m,kehp,back,front,long,bf,k,p,kp
M01,606.440224,1936.41,,e,m,pehkiek,front,back,long,fb,p,k,pk
M01,568.11139,760.257,,e,m,kehp,back,front,long,bf,k,p,kp
M01,590.936,1612.249,,e,m,dek,front,back,short,fb,d,k,dk
M01,413.244403,2000.37,,i,m,pik,front,back,short,fb,p,k,pk
M01,698.199866,1650.206431,,a,m,pap,front,front,short,ff,p,p,pp
M01,740.1679,1391.35,,oa,m,poar,front,back,short,fb,p,r,pr
M01,778.276905,1472.16,,oa,m,koal,back,front,short,bf,k,l,kl
M01,535.531796,1105.9097,,o,m,pok,front,back,short,fb,p,k,pk
M01,752.094547,1656.6,,a,m,pahpa,front,front,long,ff,p,p,pp
M01,550.614,2023.327,,e,m,dehk,front,back,long,fb,d,k,dk
M01,390.238,1593.99,,u,m,tuki,back,back,short,bb,t,k,tk
M01,544.2599,926.19,,o,m,pohk,front,back,long,fb,p,k,pk
M01,782.488257,1434.637,,oa,m,poahr,front,back,long,fb,p,r,pr
M01,363.208995,2355.014,,i,m,pihk,front,back,long,fb,p,k,pk
M01,365.62,939.174771,,u,m,tuhke,back,back,long,bb,t,k,tk
M01,614.675858,1581.84,,a,m,pak,front,back,short,fb,p,k,pk
M01,715.718151,1242.684893,,oa,m,koahl,back,front,long,bf,k,l,kl
M01,702.14,1504.09,,a,m,kak,back,back,short,bb,k,k,kk
M01,728.477822,1686.59,,a,m,pahk,front,back,long,fb,p,k,pk
M01,724.82,1554.029694,,a,m,kapa,back,front,short,bf,k,p,kp
M01,809.328,1675.72,,a,m,kahk,back,back,long,bb,k,k,kk
M01,371.87,963.955832,,u,m,dul,front,front,short,ff,d,l,dl
M01,871.60715,1444.706042,,a,m,kahp,back,front,long,bf,k,p,kp
M01,419.822373,1277.251827,,u,m,duk,front,back,short,fb,d,k,dk
M01,350.13,928.78,,u,m,duhp,front,front,long,ff,d,p,dp
M01,426.932617,773.408,,u,m,kuk,back,back,short,bb,k,k,kk
M01,362.21,960.55,,u,m,duhkihla,front,back,long,fb,d,k,dk
M01,331.418416,776.269,,u,m,kuhpene,back,front,long,bf,k,p,kp
M01,350.101961,864.208,,u,m,kuht,back,back,long,bb,k,t,kt
M01,437.94775,1544.51,,i,m,kik,back,back,short,bb,k,k,kk
M01,408.7444,1830.559916,,i,m,pik,front,back,short,fb,p,k,pk
M01,433.275681,1726.38114,,i,m,pip,front,front,short,ff,p,p,pp
M01,392.298478,2273.516838,,i,m,dihp,front,front,long,ff,d,p,dp
M01,386.428689,2347.636,,i,m,kihk,back,back,long,bb,k,k,kk
M01,379.521792,1389.43,,i,m,kipar,back,front,short,bf,k,p,kp
M01,513.594761,1375.349338,,o,m,popohl,front,front,short,ff,p,p,pp
M01,449.280273,833.349896,,o,m,kokus,back,back,short,bb,k,k,kk
M01,378.625,2324.6858,,i,m,kihd,back,front,long,bf,k,d,kd
M01,753.6799,1569.96,,oa,m,poad,front,front,short,ff,p,d,pd
M01,489.451021,1028.944817,,oa,m,koakon,back,back,short,bb,k,k,kk
M01,466.52944,848.059668,,o,m,kohp,back,front,long,bf,k,p,kp
M01,434.000209,879.1638,,o,m,dohpeseng,front,front,long,ff,d,p,dp
M01,574.063162,1021.538316,,oa,m,koakon,back,back,short,bb,k,k,kk
M01,449.364436,976.436585,,o,m,kopil,back,front,short,bf,k,p,kp
M01,733.503094,1257.035812,,oa,m,poak,front,back,short,fb,p,k,pk
M01,534.536811,1631.0249,,oa,m,koadi,back,front,short,bf,k,d,kd
M01,447.681207,834.71,,o,m,kohke,back,back,long,bb,k,k,kk
M01,737.925913,1155.5679,,oa,m,koahkoa,back,back,long,bb,k,k,kk
M01,612.509065,1128.7264,,oa,m,koahpi,back,front,long,bf,k,p,kp
M01,359.620881,867.66,,u,m,kull,back,front,short,bf,k,l,kl
M01,710.57995,1388.4876,,oa,m,poahd,front,front,long,ff,p,d,pd
M01,599.611056,1047.01,,e,m,keke,back,back,short,bb,k,k,kk
M01,487.600197,1473.672316,,e,m,peki,front,back,short,fb,p,k,pk
M01,521.5535,1766.601285,,e,m,pepe,front,front,short,ff,p,p,pp
M01,541.025,1763.857891,,e,m,pehpe,front,front,long,ff,p,p,pp
M01,516.207236,1859.68,,e,m,kehk,back,back,long,bb,k,k,kk
M01,568.523,1629.135865,,e,m,kep,back,front,short,bf,k,p,kp
M01,593.1087,1781.109437,,e,m,kehp,back,front,long,bf,k,p,kp
M01,491.7999,1859.904898,,e,m,kehp,back,front,long,bf,k,p,kp
M01,534.550984,2237.551765,,e,m,pehkiek,front,back,long,fb,p,k,pk
M02,318.163,949.900233,,u,m,kull,back,front,short,bf,k,l,kl
M02,711.175,1960.08,,e,m,dek,front,back,short,fb,d,k,dk
M02,510.974744,2174.5633,,i,m,pik,front,back,short,fb,p,k,pk
M02,960.473,1862.787928,,a,m,pap,front,front,short,ff,p,p,pp
M02,793.926461,1094.182449,,oa,m,poar,front,back,short,fb,p,r,pr
M02,745.692813,1190.952182,,oa,m,koal,back,front,short,bf,k,l,kl
M02,749.131375,1131.55833,,o,m,pok,front,back,short,fb,p,k,pk
M02,940.61256,1631.042994,,a,m,pahpa,front,front,long,ff,p,p,pp
M02,523.815728,2211.519695,,e,m,dehk,front,back,long,fb,d,k,dk
M02,488.633824,729.369899,,u,m,tuki,back,back,short,bb,t,k,tk
M02,865.42128,1115.646928,,oa,m,poahk,front,back,long,fb,p,k,pk
M02,726.855359,1018.147183,,oa,m,poahr,front,back,long,fb,p,r,pr
M02,403.348061,2600.346,,i,m,pihk,front,back,long,fb,p,k,pk
M02,631.525628,2222.788837,,u,m,tuhke,back,back,long,bb,t,k,tk
M02,919.867081,1726.01,,a,m,pak,front,back,short,fb,p,k,pk
M02,964.8,1017.437998,,oa,m,koahl,back,front,long,bf,k,l,kl
M02,597.166392,1709.098593,,i,m,kik,back,back,short,bb,k,k,kk
M02,919.543861,1763.698985,,a,m,pahk,front,back,long,fb,p,k,pk
M02,927.3117,1578.24947,,a,m,kapa,back,front,short,bf,k,p,kp
M02,1033.603995,1705.397,,a,m,kahp,back,front,long,bf,k,p,kp
M02,501.679989,623.848978,,u,m,dul,front,front,short,ff,d,l,dl
M02,1002.49,1631.084461,,a,m,kahk,back,back,long,bb,k,k,kk
M02,522.463657,1134.199586,,u,m,duk,front,back,short,fb,d,k,dk
M02,380.665571,822.085568,,u,m,duhp,front,front,long,ff,d,p,dp
M02,509.111757,868.819412,,u,m,kuk,back,back,short,bb,k,k,kk
M02,458.524434,849.004131,,u,m,duhkihla,front,back,long,fb,d,k,dk
M02,555.058194,827.239729,,u,m,kuhpene,back,front,long,bf,k,p,kp
M02,374.2978,671.510841,,u,m,kuht,back,back,long,bb,k,t,kt
M02,646.65511,1853.309099,,i,m,kik,back,back,short,bb,k,k,kk
M02,481.566574,2118.109045,,i,m,pik,front,back,short,fb,p,k,pk
M02,472.239513,2022.319126,,i,m,pip,front,front,short,ff,p,p,pp
M02,423.671712,2739.990376,,i,m,dihp,front,front,long,ff,d,p,dp
M02,467.744703,2667.3191,,i,m,kihk,back,back,long,bb,k,k,kk
M02,443.864535,1622.148777,,i,m,kipar,back,front,short,bf,k,p,kp
M02,503.565548,1412.679071,,o,m,popohl,front,front,short,ff,p,p,pp
M02,672.977566,1023.306271,,o,m,kokus,back,back,short,bb,k,k,kk
M02,470.3724628,3047.4659,,i,m,kihd,back,front,long,bf,k,d,kd
M02,770.6826,1140.377834,,oa,m,poad,front,front,short,ff,p,d,pd
M02,668.084052,1020.67,,oa,m,koakon,back,back,short,bb,k,k,kk
M02,523.462977,701.954682,,o,m,kohp,back,front,long,bf,k,p,kp
M02,560.342135,883.667769,,o,m,dohpeseng,front,front,long,ff,d,p,dp
M02,664.183222,977.001016,,oa,m,koakon,back,back,short,bb,k,k,kk
M02,454.096444,846.839045,,o,m,kopil,back,front,short,bf,k,p,kp
M02,747.307268,1095.326575,,oa,m,poak,front,back,short,fb,p,k,pk
M02,692.265734,1067.79118,,oa,m,koadi,back,front,short,bf,k,d,kd
M02,499.93946,712.049753,,o,m,kohke,back,back,long,bb,k,k,kk
M02,700.13982,981.486568,,oa,m,koahkoa,back,back,long,bb,k,k,kk
M02,719.219949,993.290902,,oa,m,koahpi,back,front,long,bf,k,p,kp
M02,711.66,1106.53,,oa,m,poahd,front,front,long,ff,p,d,pd
M02,619.606682,1632.110612,,e,m,keke,back,back,short,bb,k,k,kk
M02,617.5639,1609.69,,e,m,peki,front,back,short,fb,p,k,pk
M02,549.761954,2084.092488,,e,m,pepe,front,front,short,ff,p,p,pp
M02,545.855511,2162.483,,e,m,pehpe,front,front,long,ff,p,p,pp
M02,555.646,2099.1951,,e,m,kehk,back,back,long,bb,k,k,kk
M02,702.308671,1527.597744,,e,m,kep,back,front,short,bf,k,p,kp
M02,709.232598,1096.940144,,oa,m,koahp,back,front,long,bf,k,p,kp
M02,737.807488,1033.886402,,oa,m,koahp,back,front,long,bf,k,p,kp
M02,505.452194,2081.617685,,e,m,pehkiek,front,back,long,fb,p,k,pk
M02,459.076686,1669.32,,i,m,ipir,front,back,short,fb,p,r,pr
M02,790.200515,1393.299973,,a,m,apwal,back,front,short,bf,pw,l,pwl
M02,394.440341,1543.14,,i,m,ipwidi,back,front,short,bf,pw,d,pwd
M01,464.008689,1703.13,,i,m,ipir,front,back,short,fb,p,r,pr
M01,739.6,1558.33,,a,m,apwal,back,front,short,bf,pw,l,pwl
M01,329.4,1513.7,,i,m,ipwidi,back,front,short,bf,pw,d,pwd
M02,882.101773,1515.24,,a,m,apwal,back,front,short,bf,pw,l,pwl
M02,391.756994,1670.78043,,i,m,ipwidi,back,front,short,bf,pw,d,pwd
M02,783.1766,1372.248625,,a,m,apwal,back,front,short,bf,pw,l,pwl
M02,395.025997,1579.019487,,i,m,ipwidi,back,front,short,bf,pw,d,pwd
M01,765.862284,1402.569712,,a,m,apwal,back,front,short,bf,pw,l,pwl
M01,355.304846,1127.975495,,i,m,ipwidi,back,front,short,bf,pw,d,pwd
M01,776.984032,1561.663138,,a,m,apwal,back,front,short,bf,pw,l,pwl
M01,379.587,1675.34,,i,m,ipwidi,back,front,short,bf,pw,d,pwd
M02,833.45203,1451.624867,,a,m,apwal,back,front,short,bf,pw,l,pwl
M02,459.378719,1612.789,,i,m,ipir,front,back,short,fb,p,r,pr
M02,464.199407,1433.18128,,i,m,ipwidi,back,front,short,bf,pw,d,pwd
M02,454.95,1369.969,,i,m,ipir,front,back,short,fb,p,r,pr
F01,481.090861,1598.88,,i,f,ipwidi,back,front,short,bf,pw,d,pwd
F01,553.5968,1783.668837,,i,f,ipir,front,back,short,fb,p,r,pr
F01,866.96818,1673.438412,,a,f,apwal,back,front,short,bf,pw,l,pwl
F01,586.836,1616.155721,,i,f,ipir,front,back,short,fb,p,r,pr
F01,453.09,1693.024413,,i,f,ipwidi,back,front,short,bf,pw,d,pwd
F01,872.79,1661.06,,a,f,apwal,back,front,short,bf,pw,l,pwl
F01,525.001824,1698.67,,i,f,ipir,front,back,short,fb,p,r,pr
F01,509.837233,1853.025187,,i,f,ipwidi,back,front,short,bf,pw,d,pwd
M03,494.841795,1407.7196,,i,m,ipir,front,back,short,fb,p,r,pr
M03,651.249,1370.384231,,a,m,apwal,back,front,short,bf,pw,l,pwl
M03,394.058996,1534.464896,,i,m,ipwidi,back,front,short,bf,pw,d,pwd
M03,652.10804,1381.908272,,i,m,apwal,back,front,short,bf,pw,l,pwl
M03,477.72,1387.968919,,i,m,ipir,front,back,short,fb,p,r,pr
M03,431.499977,1668.225697,,i,m,ipwidi,back,front,short,bf,pw,d,pwd
M03,511.558,1445.476,,i,m,ipir,front,back,short,fb,p,r,pr
M03,409.048627,1584.289924,,i,m,ipwidi,back,front,short,bf,pw,d,pwd
M03,719.54,1543.748697,,a,m,apwal,back,front,short,bf,pw,l,pwl
F02,597.001783,1750.266,,i,f,ipir,front,back,short,fb,p,r,pr
F02,879.574596,1835.02,,a,f,apwal,back,front,short,bf,pw,l,pwl
F02,464.69,2186.06,,i,f,ipwidi,back,front,short,bf,pw,d,pwd
F02,926.696605,1988.208345,,a,f,apwal,back,front,short,bf,pw,l,pwl
F02,699.407708,1638.61,,i,f,ipir,front,back,short,fb,p,r,pr
F02,463.306986,1523.89,,i,f,ipwidi,back,front,short,bf,pw,d,pwd
F02,867.98,1926.644,,a,f,apwal,back,front,short,bf,pw,l,pwl
F02,506.451,1889.962833,,i,f,ipwidi,back,front,short,bf,pw,d,pwd
F02,727.88,1720.83,,i,f,ipir,front,back,short,fb,p,r,pr
M02,507.758,2014.309176,,i,m,pik,front,back,short,fb,p,k,pk
M02,841.184281,1732.9279,,a,m,pap,front,front,short,fb,p,p,pp
M02,650.955,1931.756,,e,m,dek,front,back,short,fb,d,k,dk
M02,710,1003.077667,,oa,m,koal,back,front,short,bf,k,l,kl
M02,781.848,1183.107707,,o,m,pok,front,back,short,fb,p,k,pk
M02,664.614948,967.99,,oa,m,poar,front,back,short,fb,p,r,pr
M02,563.796652,2148.364722,,e,m,dehk,front,back,long,fb,d,k,dk
M02,482.6338,950.028,,u,m,tuki,back,back,short,bb,t,k,tk
M02,867.11984,1541.414,,a,m,pahpa,front,front,long,ff,p,p,pp
M02,730.232,1064.82186,,oa,m,poahr,front,back,long,fb,p,r,pr
M02,554.12,2599.368633,,i,m,pihk,front,back,long,fb,p,k,pk
M02,776.30229,1111.408388,,o,m,poahk,front,back,long,fb,p,k,pk
M02,920.073264,1657.854,,a,m,pak,front,back,short,fb,p,k,pk
M02,579.28,933.849549,,oa,m,koahl,back,front,long,bf,k,l,kl
M02,414.594446,773.855757,,u,m,tuhke,back,back,long,bb,t,k,tk
F01,937.112941,1807.29,,a,f,pap,front,front,short,ff,,,
F01,709.2585,1901.264948,,e,f,dek,front,back,short,fb,,,
F01,520.099,1764.49,,i,f,pik,front,back,short,fb,,,
F01,791.910246,1486.803657,,o,f,pok,front,back,short,fb,,,
F01,611.458,994.8,,o,f,por,front,back,short,fb,,,
F01,578.224953,699.52,,o,f,kol,back,front,short,bf,,,
F01,472.225125,1182.176799,,u,f,tuki,back,back,short,bb,,,
F01,972.718115,1771.34,,a,f,pahpa,front,front,long,ff,,,
F01,579.46978,2294.67,,e,f,dehk,front,back,long,fb,,,
F01,339.041935,2842.900242,,i,f,pihk,front,back,long,fb,,,
F01,724.01257,1166.83869,,o,f,pohk,front,back,long,fb,,,
F01,730.415436,1172.12,,oa,f,poahr,front,back,long,fb,,,
F01,693.562,960.61,,oa,f,koahl,back,front,long,bf,,,
F01,396.7099,856.328796,,u,f,tuhke,back,front,long,bf,,,
F01,917.482209,1713.027897,,a,f,pak,front,back,short,fb,,,
F01,906.932294,1556.9,,a,f,kapa,back,front,short,bf,,,
F01,898.276341,1607.187991,,a,f,kak,back,back,short,bb,,,
F01,985.7989,1772.965818,,a,f,pahk,front,back,short,fb,,,
F01,914.54,1592.43,,a,f,kahk,back,back,long,bb,,,
F01,959.658698,1680.9,,a,f,kahp,back,front,long,bf,,,
F01,513.749236,1322.759857,,u,f,dul,front,front,short,ff,,,
F01,535.82755,863.931693,,u,f,kuk,back,back,short,bb,,,
F01,635.43895,1423.76,,u,f,duk,front,back,short,fb,,,
F01,422.545,837.957,,u,f,duhp,front,front,long,ff,,,
F01,418.9355,652.92,,u,f,kuht,back,back,long,bb,,,
F01,379.5,860.31,,u,f,duhkihla,front,back,long,fb,,,
F01,293.6256,707.433,,u,f,kuhpene,back,front,long,bf,,,
F01,465.4656,2215.5,,i,f,pil,front,front,short,ff,,,
F01,520.364,1595.5,,i,f,kik,back,back,short,bb,,,
F01,565.831067,1863.1758,,i,f,pik,front,back,short,fb,,,
F01,496.879,1393.81,,i,f,kipar,back,front,short,bf,,,
F01,919.141995,1695.1,,a,f,kipar,front,back,short,fb,,,
F01,378.7537,2622.7,,i,f,kihd,back,front,long,bf,,,
F01,449.369,2762.02,,i,f,dihp,front,front,long,ff,,,
F01,369.93,2829.4,,i,f,kihk,back,back,long,bb,,,
F01,468.94,1328.49,,o,f,popohl,front,front,short,ff,,,
F01,479.13859,868.28,,o,f,kokus,back,back,short,bb,,,
F01,639.947795,998.848795,,o,f,kopil,back,front,short,bf,,,
F01,543.869,887.0032,,o,f,dohpeseng,front,front,long,ff,,,
F01,712.007,1164.13,,oa,f,koakon,back,back,short,bb,,,
F01,605.89,836.09,,o,f,kohke,back,back,long,bb,,,
F01,723.08,1354.776,,oa,f,poak,front,back,short,fb,,,
F01,701.156554,1465.387,,oa,f,koadi,back,front,short,bf,,,
F01,755.473344,1284.158897,,oa,f,poahd,front,front,long,ff,,,
F01,728.22,1056.79,,oa,f,koahkoa,back,back,long,bb,,,
F01,651.184422,968.38,,oa,f,koahpi,back,front,long,bf,,,
F01,632.022328,2227.995419,,e,f,pepe,front,front,short,ff,,,
F01,608.37,2221.72,,e,f,keke,back,back,short,bb,,,
F01,703.6,1644.8,,e,f,peki,front,back,short,fb,,,
F01,779.5,1879.009,,e,f,kep,back,front,short,bf,,,
F01,633.398,2302.65,,e,f,pehpe,front,front,long,ff,,,
F01,636.26,2242.64,,e,f,kehk,back,back,long,bb,,,
F01,556.559,2246.028,,e,f,pehkiek,front,back,long,fb,,,
F01,563.95,2275.169,,e,f,kehp,back,front,long,bf,,,
F01,638.7,2176.0768,,e,f,pehkiek,front,back,long,fb,,,
F01,499.5498,883.686,,u,f,kull,back,front,short,bf,,,
F01,566.765224,851.81,,u,f,kull,back,front,short,bf,,,
F01,418.23,2504.85,,i,f,pik,front,back,short,fb,,,
F01,893.965,1619.058,,a,f,pap,front,front,short,ff,,,
F01,659.2,2245.9,,e,f,dek,front,back,short,fb,,,
F01,674.3186,979.35896,,oa,f,koal,back,front,short,bf,,,
F01,797.166367,1419.92387,,o,f,pok,front,back,short,fb,,,
F01,697.54896,1118.208,,oa,f,poar,front,back,short,fb,,,
F01,636.388275,2372.494394,,e,f,dehk,front,back,long,fb,,,
F01,396.349,1025.905151,,u,f,tuki,back,back,short,bb,,,
F01,752.61795,1608.289,,a,f,papah,front,front,short,ff,,,
F01,778.426067,1296.305572,,oa,f,poahr,front,back,long,fb,,,
F01,411.069758,2842.855397,,i,f,pihk,front,back,long,fb,,,
F01,812.07,1389.827889,,o,f,pohk,front,back,long,fb,,,
F01,886.606188,1624.169746,,a,f,pak,front,back,short,fb,,,
F01,730.968498,1026.55,,oa,f,koahl,back,front,long,bf,,,
F01,400.629275,847.819221,,u,f,tuhke,back,back,long,bb,,,
F01,916.756667,1738.025915,,a,f,pahk,front,back,long,fb,,,
F01,879.9,1570.359766,,a,f,kapa,back,front,short,bf,,,
F01,874.074625,1627.281769,,a,f,kak,back,back,short,bb,,,
F01,394.5,808.763726,,u,f,dul,front,front,short,ff,,,
F01,918.465537,1601.179567,,a,f,kahk,back,back,long,bb,,,
F01,897.116198,1594.362588,,a,f,kahp,back,front,long,bf,,,
F01,441.3,814.3,,u,f,duhp,front,front,long,ff,,,
F01,438.586,687.447259,,u,f,kuk,back,back,short,bb,,,
F01,473.26,913.4,,u,f,duk,front,back,short,fb,,,
F01,306.559,811.445994,,u,f,kuhpene,back,front,long,bf,,,
F01,339.038821,645.49,,u,f,kuht,back,back,long,bb,,,
F01,376.063,758.0737,,u,f,duhkihla,front,back,long,fb,,,
F01,373.6,2570.42,,i,f,pik,front,back,short,fb,,,
F01,508.9886,2370.579,,i,f,pip,front,front,short,ff,,,
F01,582.33,1875.579785,,i,f,kik,back,back,short,bb,,,
F01,397.308717,2643.565932,,i,f,kihk,back,back,long,bb,,,
F01,467.26,1448.248955,,i,f,kipar,back,front,short,bf,,,
F01,352.74,2810.346,,i,f,dihp,front,front,long,ff,,,
F01,534.196974,922.881838,,o,f,kokus,back,back,short,bb,,,
F01,374.45,3036.37,,i,f,kihd,back,front,long,bf,,,
F01,592.7,1241.175954,,o,f,popohl,front,front,short,ff,,,
F01,816.9599,1417.74559,,oa,f,koakon,back,back,short,bb,,,
F01,527.1,897.847,,o,f,kohp,back,front,long,bf,,,
F01,832.008,1301.374294,,oa,f,poad,front,front,short,ff,,,
F01,784.33,1241.75783,,oa,f,koakon,back,back,short,bb,,,
F01,752.4,922.896,,o,f,kopil,back,front,short,bf,,,
F01,543.5,1002.3,,o,f,dohpeseng,front,front,long,ff,,,
F01,740.4,1071.785,,oa,f,koadi,back,front,short,bf,,,
F01,582.6,851.33,,o,f,kohke,back,back,long,bb,,,
F01,803.8956,1477.446481,,oa,f,poak,front,back,short,fb,,,
F01,681.333,1112.652,,oa,f,koahpi,back,front,long,bf,,,
F01,706.527795,1179.026631,,oa,f,poahd,front,front,long,ff,,,
F01,648.23,1092.01,,oa,f,koahkoa,back,back,long,bb,,,
F01,656.86,1824.4895,,e,f,peki,front,back,short,fb,,,
F01,662.017743,2006.79,,e,f,pepe,front,front,short,ff,,,
F01,626.041816,2277.618302,,e,f,keke,back,back,short,bb,,,
F01,751.750911,2483.87387,,e,f,kehk,back,back,long,bb,,,
F01,592.587,2381.005261,,e,f,kep,back,front,short,bf,,,
F01,647.425982,2346.4966,,e,f,pehpe,front,front,long,ff,,,
F01,687.67,2264.65,,e,f,kehp,back,front,long,bf,,,
F01,571.366619,2320.12,,e,f,pehkiek,front,back,long,fb,,,
F01,654.89407,2388.971623,,e,f,kehp,back,front,long,bf,,,
M02,1006.59,1710.477,,a,m,pahk,front,back,long,fb,,,
M02,874.547877,1657.467629,,a,m,kapa,back,front,short,bf,,,
M02,966.112314,1532.33,,a,m,kak,back,back,short,bb,,,
M02,421.25,784.98,,u,m,dul,front,front,short,ff,,,
M02,985.24,1548.14,,a,m,kahk,back,back,long,bb,,,
M02,961.44,1605.9769,,a,m,kahp,back,front,long,bf,,,
M02,372.87,834.748,,u,m,duhp,front,front,long,ff,,,
M02,471.438715,747.686747,,u,m,kuk,back,back,short,bb,,,
M02,459.485,1060.468,,u,m,duk,front,back,short,fb,,,
M02,407.5685,857.37789,,u,m,kuhpene,back,front,long,bf,,,
M02,377.5897,847.52,,u,m,kuht,back,back,long,bb,,,
M02,509.176,919.714,,u,m,duhkihla,front,back,long,fb,,,
M02,498.94,2107.87,,i,m,pik,front,back,short,fb,,,
M02,418.775,2145.36,,i,m,pip,front,front,short,ff,,,
M02,493.41,2037.922587,,i,m,kik,back,back,short,bb,,,
M02,510.968955,2485.85,,i,m,kihk,back,back,long,bb,,,
M02,377.38339,2142.898577,,i,m,kipar,back,front,short,bf,,,
M02,843.745581,1559.588,,a,m,kipar,front,back,short,fb,,,
M02,468.155844,2994.144648,,i,m,dihp,front,front,long,ff,,,
M02,707.506753,1000.684686,,oa,m,koakus,back,back,short,bb,,,
M02,496.979817,2959.126,,i,m,kihd,back,front,long,bf,,,
M02,460.18,1028.65,,o,m,popohl,front,front,short,ff,,,
M02,748.566635,1071.543248,,oa,m,koakon,back,back,short,bb,,,
M02,465.7,782.03821,,o,m,kohp,back,front,long,bf,,,
M02,720.165584,1091.547092,,oa,m,poahd,front,front,long,ff,,,
M02,597.3,1025.791,,oa,m,koakon,back,back,short,bb,,,
M02,462.121167,909.64,,o,m,kopil,back,front,short,bf,,,
M02,482.353,911.744546,,o,m,dohpeseng,front,front,long,ff,,,
M02,761.575856,1049.94,,oa,m,koadi,back,front,short,bf,,,
M02,489.27,743.02,,o,m,kohke,back,back,long,bb,,,
M02,722.105684,1148.62,,oa,m,poad,front,back,short,fb,,,
M02,493.73639,779.45,,oa,m,koahpi,back,front,long,bf,,,
M02,702.36,1042.21,,oa,m,poahd,front,front,long,ff,,,
M02,678.158581,997.918288,,oa,m,koahkoa,back,back,long,bb,,,
M02,617.7787,1746.13,,e,m,peki,front,back,short,fb,,,
M02,501.732733,2135.98,,e,m,pehpe,front,front,long,ff,,,
M02,521.83,2213.829,,e,m,keke,back,back,short,bb,,,
M02,574.849,2143.77217,,e,m,kehk,back,back,long,bb,,,
M02,690.406,1691.04,,e,m,kep,back,front,short,bf,,,
M02,529.017595,2167.297888,,e,m,pehpe,front,front,long,ff,,,
M02,696.798,1140.449,,oa,m,koahp,back,front,long,bf,,,
M02,590.948,2153.796,,e,m,pehkiek,front,back,long,fb,,,
F01,475.5486,957.869796,,u,f,kull,back,front,short,bf,,,
F01,829.24,1810.825973,,e,f,dek,front,back,short,fb,,,
F01,510.541888,1874.308685,,i,f,pik,front,back,short,fb,,,
F01,928.997546,1641.04952,,a,f,pap,front,front,short,ff,,,
F01,782.71,1294.7596,,oa,f,poar,front,back,short,fb,,,
F01,722.8234,1021.808895,,oa,f,koal,back,front,short,bf,,,
F01,806.451799,1444.884156,,o,f,pok,front,back,short,fb,,,
F01,926.869,1611.95965,,a,f,pahpa,front,front,long,ff,,,
F01,628.161197,2329.0382,,e,f,dehk,front,back,long,fb,,,
F01,422.6,1008.878772,,u,f,tuki,back,back,short,bb,,,
F01,809.7559,1255.9,,o,f,pohk,front,back,long,fb,,,
F01,774.48789,1177.137,,oa,f,poahr,front,back,long,fb,,,
F01,322.06,2751.2698,,i,f,pihk,front,back,long,fb,,,
F01,378.183245,914.414,,u,f,tuhke,back,back,long,bb,,,
F01,901.86,1660.6386,,a,f,pak,front,back,short,fb,,,
F01,661.4115,952.356,,oa,f,koahl,back,front,long,bf,,,
F01,883.92,1606.83,,a,f,kak,back,back,short,bb,,,
F01,949.522959,1768.87,,a,f,pahk,front,back,long,fb,,,
F01,885.924865,1557.86,,a,f,kapa,back,front,short,bf,,,
F01,934.388637,1483.51,,a,f,kahp,back,front,long,bf,,,
F01,562.83,1351.088839,,u,f,dul,front,front,short,ff,,,
F01,967.21,1620.0127,,a,f,kahk,back,back,long,bb,,,
F01,584.668795,1278.727932,,u,f,duk,front,back,short,fb,,,
F01,494.986,1038.68,,u,f,duhp,front,front,long,ff,,,
F01,518.65,999.8,,u,f,kuk,back,back,short,bb,,,
F01,362.486587,799.322,,u,f,duhkihla,front,back,long,fb,,,
F01,306.8,768.095599,,u,f,kuhpene,back,front,long,bf,,,
F01,406.319879,660.8969,,u,f,kuht,back,back,long,bb,,,
F01,582.31833,1524.379,,i,f,kik,back,back,short,bb,,,
F01,559.017846,1683.687561,,i,f,pik,front,back,short,fb,,,
F01,576.034,2106.67,,i,f,pip,front,front,short,ff,,,
F01,357.8478,2797.575799,,i,f,dihp,front,front,long,ff,,,
F01,324.65,2716.46,,i,f,kihk,back,back,long,bb,,,
F01,522.727,1692.855784,,i,f,kipar,back,front,short,bf,,,
F01,868.5526,1620.4613,,a,f,kipar,front,back,short,fb,,,
F01,581.414627,1532.9127,,o,f,popohl,front,front,short,ff,,,
F01,556.877215,950.557147,,o,f,kokus,back,back,short,bb,,,
F01,360.067,2701.039,,i,f,kihd,back,front,long,bf,,,
F01,764.69,1220.6967,,oa,f,poad,front,front,short,ff,,,
F01,804.287,1192.3336,,oa,f,koakon,back,back,short,bb,,,
F01,647.441664,994.332973,,o,f,kohp,back,front,long,bf,,,
F01,636.098985,1040.91161,,o,f,dohpeseng,front,front,long,ff,,,
F01,722.59,1002.452459,,o,f,kopil,back,front,short,bf,,,
F01,777.096,1393.786,,oa,f,poak,front,back,short,fb,,,
F01,729.3,1439.2,,oa,f,koadi,back,front,short,bf,,,
F01,509.8476,778.026,,o,f,kohke,back,back,long,bb,,,
F01,703.31,1043.5925,,oa,f,koahkoa,back,back,long,bb,,,
F01,723.9,1123.6,,oa,f,koahpi,back,front,short,bf,,,
F01,779.0483,1251.2,,oa,f,poahd,front,front,long,ff,,,
F01,733.866,1985.4175,,e,f,keke,back,back,short,bb,,,
F01,733.889687,1684.94,,e,f,peki,front,back,short,fb,,,
F01,698.5975,2049.92,,e,f,pepe,front,front,short,ff,,,
F01,666.8497,2260.18,,e,f,pehpe,front,front,long,ff,,,
F01,588.822095,2285.71,,e,f,kehk,back,back,long,bb,,,
F01,733.7,1734.68,,e,f,kep,back,front,short,bf,,,
F01,611.17,2221.26,,e,f,kehp,back,front,long,bf,,,
F01,538.94,2454.81,,e,f,kehp,back,front,long,bf,,,
F01,536.048281,2324.8575,,e,f,pehkiek,front,back,long,fb,,,
M03,677.97,1315.31,,a,m,pap,front,front,short,ff,,,
M03,565.6167,1713.399,,e,m,dek,front,back,short,fb,,,
M03,426.622,1456.184,,i,m,pik,front,back,short,fb,,,
M03,508.24,1077.66,,o,m,pok,front,back,short,fb,,,
M03,619.44,1079.36,,oa,m,poar,front,back,short,fb,,,
M03,587.73,1067.096762,,oa,m,koal,back,front,short,bf,,,
M03,397.119375,1201.464596,,u,m,tuki,back,back,short,bb,,,
M03,776.762355,1453.073518,,a,m,pahpa,front,front,long,ff,,,
M03,512.708427,1955.7443,,e,m,dehk,front,back,long,fb,,,
M03,339.349046,2017.799519,,i,m,pihk,front,back,long,fb,,,
M03,430.263431,874.755859,,o,m,pohk,front,back,long,fb,,,
M03,559.1456,980.377898,,oa,m,poahr,front,back,long,fb,,,
M03,628.37,968.09973,,oa,m,koahl,back,front,long,bf,,,
M03,367.262297,901.98,,u,m,tuhke,back,back,long,bb,,,
M03,697.039429,1479.565149,,a,m,pak,front,back,short,fb,,,
M03,418.249,954.097,,u,m,kull,back,front,short,bf,,,
M03,729.3737,1393.492526,,a,m,kapa,back,front,short,bf,,,
M03,662.722336,1390.037776,,a,m,kak,back,back,short,bb,,,
M03,773.336489,1483.193065,,a,m,pahk,front,back,long,fb,,,
M03,780.312507,1413.714106,,a,m,kahk,back,back,long,bb,,,
M03,798.33636,1428.26617,,a,m,kahp,back,front,long,bf,,,
M03,410.6,1143.535742,,u,m,dul,front,front,short,ff,,,
M03,400.3295,886.33415,,u,m,kuk,back,back,short,bb,,,
M03,397.494659,912.208738,,u,m,duk,front,back,short,fb,,,
M03,363.896651,828.38,,u,m,duhp,front,front,long,ff,,,
M03,351.533,748.87,,u,m,kuht,back,back,long,bb,,,
M03,385.709754,920.386,,u,m,duhkihla,front,back,long,fb,,,
M03,319.281757,758.71,,u,m,kuhpene,back,front,long,bf,,,
M03,394.0767,1562.2,,i,m,pip,front,front,short,ff,,,
M03,434.65,1199.069,,i,m,kik,back,back,short,bb,,,
M03,453.62,1510.8656,,i,m,pik,front,back,short,fb,,,
M03,408.52535,1281.185,,i,m,kipar,back,front,short,bf,,,
M03,339.4156,2096.555779,,i,m,dihp,front,front,long,ff,,,
M03,362.889883,2127.42,,i,m,kihk,back,back,long,bb,,,
M03,360.012488,2075.079981,,i,m,kihd,back,front,long,bf,,,
M03,443.998769,1194.432874,,o,m,popohl,front,front,short,ff,,,
M03,418.443726,809.56,,o,m,kokus,back,back,short,bb,,,
M03,484.322923,895.406603,,o,m,kohp,back,front,long,bf,,,
M03,621.868493,1306.081996,,oa,m,poad,front,front,short,ff,,,
M03,583.080685,943.00015,,oa,m,koakon,back,back,short,bb,,,
M03,466.532288,986.292818,,o,m,kopil,back,front,short,bf,,,
M03,481.987719,915.29,,o,m,dohpeseng,front,front,long,ff,,,
M03,556.431,915.191714,,oa,m,koakon,back,back,short,bb,,,
M03,460.20799,813.227534,,o,m,kohke,back,back,long,bb,,,
M03,610.846,1098.14787,,o,m,poak,front,back,short,fb,,,
M03,608.72,1225.604181,,oa,m,koadi,back,front,short,bf,,,
M03,652.03,1138.98,,oa,m,poahd,front,front,long,ff,,,
M03,634.5879,1005.264,,oa,m,koahkoa,back,back,long,bb,,,
M03,645.961511,1006.46,,oa,m,koahpi,back,front,long,bf,,,
M03,515.707997,1469.82,,e,m,pepe,front,front,short,ff,,,
M03,483.097285,1369.976779,,e,m,keke,back,back,short,bb,,,
M03,487.7497,1502.484271,,e,m,peki,front,back,short,fb,,,
M03,567.371261,1478.80939,,e,m,kep,back,front,short,bf,,,
M03,511.304977,1859.244832,,e,m,pehpe,front,front,long,ff,,,
M03,495.41,1907.622762,,e,m,kehk,back,back,long,bb,,,
M03,533.896,1781.687,,e,m,pehkiek,front,back,long,fb,,,
M03,509.926,1755.448811,,e,m,kehp,back,front,long,bf,,,
M03,528.156889,1863.653179,,e,m,pehkiek,front,back,long,fb,,,
M03,436.98809,1652.441971,,i,m,pik,front,back,short,fb,,,
M03,728.461424,1420.874566,,a,m,pap,front,front,short,ff,,,
M03,566.411928,1516.821318,,e,m,dek,front,back,short,fb,,,
M03,572.443736,1063.102467,,oa,m,koal,back,front,short,bf,,,
M03,580.010666,1091.8852,,o,m,pok,front,back,short,fb,,,
M03,629.23221,1179.251851,,oa,m,poar,front,back,short,fb,,,
M03,516.296925,1943.038167,,e,m,dehk,front,back,long,fb,,,
M03,373.454171,1026.93,,u,m,tuki,back,back,short,bb,,,
M03,765.528333,1440.563651,,a,m,pahpa,front,front,long,ff,,,
M03,418.661306,885.341144,,u,m,kull,back,front,short,bf,,,
M03,649.101015,972.495947,,oa,m,poahr,front,back,long,fb,,,
M03,488.213517,2118.724097,,i,m,pihk,front,back,long,fb,,,
M03,481.297608,922.11655,,o,m,pohk,front,back,long,fb,,,
M03,750.608594,1427.26,,a,m,pak,front,back,short,fb,,,
M03,581.36,965.735517,,oa,m,koahl,back,front,long,bf,,,
M03,430.303139,925.728969,,u,m,tuhke,back,back,long,bb,,,
M03,845.574594,1499.798353,,a,m,pahk,front,back,long,fb,,,
M03,733.14,1382.70487,,a,m,kapa,back,front,short,bf,,,
M03,698.102497,1357.376989,,a,m,kak,back,back,short,bb,,,
M03,415.7648,1118.79,,u,m,dul,front,front,short,ff,,,
M03,788.869883,1423.111485,,a,m,kahk,back,back,long,bb,,,
M03,807.629622,1442.252641,,a,m,kahp,back,front,long,bf,,,
M03,379.787,873.4536,,u,m,duhp,front,front,long,ff,,,
M03,435.8,792.564988,,u,m,kuk,back,back,short,bb,,,
M03,413.489982,951.986385,,u,m,duk,front,back,short,fb,,,
M03,345.534647,714.251289,,u,m,kuhpene,back,front,long,bf,,,
M03,355.39791,725.224297,,u,m,kuht,back,back,long,bb,,,
M03,414.2361,900.041967,,u,m,duhkihla,front,back,long,fb,,,
M03,346.6559,2133.615,,i,m,duhkihla,back,front,long,bf,,,
M03,453.8,1645.7497,,i,m,pik,front,back,short,fb,,,
M03,476.54,1714.829,,i,m,pip,front,front,short,ff,,,
M03,479.782284,1274.204789,,i,m,kik,back,back,short,bb,,,
M03,387.348969,2122.599351,,i,m,kihk,back,back,long,bb,,,
M03,490.8556,1586.096845,,i,m,kipar,back,front,short,bf,,,
M03,379.266938,2173.721945,,i,m,dihp,front,front,long,ff,,,
M03,456.46,819.949145,,o,m,kokus,back,back,short,bb,,,
M03,385.426936,2137.334774,,i,m,kihd,back,front,long,bf,,,
M03,480.62,1093.63191,,o,m,popohl,front,front,short,ff,,,
M03,564.322945,959.526699,,oa,m,koakon,back,back,short,bb,,,
M03,483.19254,830.285984,,o,m,kohp,back,front,short,bf,,,
M03,620.76,1311.32,,oa,m,poad,front,front,short,ff,,,
M03,585.247,959.001647,,oa,m,koakon,back,back,short,bb,,,
M03,512.897369,1042.785,,o,m,kopil,back,front,short,bf,,,
M03,477.023646,853.36544,,o,m,dohpeseng,front,front,long,ff,,,
M03,614.682663,1243.08716,,oa,m,koadi,back,front,short,bf,,,
M03,474.977637,809.036022,,o,m,kohke,back,back,long,bb,,,
M03,595.654356,1074.011605,,oa,m,poak,front,back,short,fb,,,
M03,678.399881,1130.169573,,oa,m,koahpi,back,front,long,bf,,,
M03,662.771744,1070.534231,,oa,m,poahd,front,front,long,ff,,,
M03,640.897724,983.167182,,oa,m,koahkoa,back,back,long,bb,,,
M03,569.884836,1465.78968,,e,m,peki,front,back,short,fb,,,
M03,560.64157,1469.776565,,e,m,pepe,front,front,short,ff,,,
M03,566.645117,1398.64194,,e,m,keke,back,back,short,bb,,,
M03,540.69,1801.526,,e,m,kehk,back,back,long,bb,,,
M03,522.405813,1761.315912,,e,m,kep,back,front,short,bf,,,
M03,502.571325,1843.47,,e,m,pehpe,front,front,long,ff,,,
M03,537.747,1808.579,,e,m,kehp,back,front,long,bf,,,
M03,500.21,1843.59429,,e,m,pehkiek,front,back,long,fb,,,
M03,515.433485,1817.281237,,e,m,kehp,back,front,long,bf,,,
M03,477.147127,1001.281472,,u,m,kull,back,front,short,bf,,,
M03,561.066,1497.59,,e,m,dek,front,back,short,fb,,,
M03,465.695,1527.8,,i,m,pik,front,back,short,fb,,,
M03,727.418,1431.012945,,a,m,pap,front,front,short,ff,,,
M03,622.81416,1104.009,,oa,m,poar,front,back,short,fb,,,
M03,638.54,1058.237968,,oa,m,koal,back,front,short,bf,,,
M03,547.622756,969.902744,,o,m,pok,front,back,short,fb,,,
M03,801.451,1365.0858,,a,m,pahpa,front,front,long,ff,,,
M03,496.608163,1842.768396,,e,m,dehk,front,back,long,fb,,,
M03,379.897543,1056.198105,,u,m,tuki,back,back,short,bb,,,
M03,521.911752,952.982695,,o,m,pohk,front,back,long,fb,,,
M03,494.300017,906.355,,o,m,pohr,front,back,long,fb,,,
M03,357.476,2081.146935,,i,m,pihk,front,back,long,fb,,,
M03,397.69768,961.18,,u,m,tuhke,back,back,long,bb,,,
M03,694.87757,1407.758886,,a,m,pak,front,back,short,fb,,,
M03,606.6596,962.713615,,oa,m,koahl,back,front,long,bf,,,
M03,717.319827,1333.939949,,a,m,kak,back,back,short,bb,,,
M03,779.45,1423.876675,,a,m,pahk,front,back,long,fb,,,
M03,716.79,1358.322007,,a,m,kapa,back,front,short,bf,,,
M03,790.666768,1396.0437,,a,m,kahp,back,front,long,bf,,,
M03,447.0896,1077.438,,u,m,dul,front,front,short,ff,,,
M03,785.6297,1428.99797,,a,m,kahk,back,back,long,bb,,,
M03,426.043637,855.25,,u,m,duk,front,back,short,fb,,,
M03,395.218756,798.84511,,u,m,duhp,front,front,long,ff,,,
M03,455.056847,790.467981,,u,m,kuk,back,back,short,bb,,,
M03,415.035813,944.216025,,u,m,duhkihla,front,back,long,fb,,,
M03,375.6383,741.647,,u,m,kuhpene,back,front,long,bf,,,
M03,371.947255,752.087527,,u,m,kuht,back,back,long,bb,,,
M03,415.103725,1340.576384,,i,m,kik,back,back,short,bb,,,
M03,482.650631,1260.614379,,i,m,pik,front,front,short,bf,,,
M03,466.954438,1471.723698,,i,m,pip,front,front,short,ff,,,
M03,387.256452,2095.627454,,i,m,dihp,front,front,long,ff,,,
M03,405.707941,2125.88198,,i,m,kihk,back,back,long,bb,,,
M03,495.76098,1398.34,,i,m,kipar,back,front,short,bf,,,
M03,473.71744,1238.03399,,o,m,popohl,front,front,short,ff,,,
M03,499.269,883.299666,,o,m,kokus,back,back,short,bb,,,
M03,363.939292,2131.577,,i,m,kihd,back,front,long,bf,,,
M03,651.688756,1337.8,,oa,m,poad,front,front,short,ff,,,
M03,590.7477,960.172119,,oa,m,koakon,back,back,short,bb,,,
M03,458.2,891.95,,o,m,kohp,back,front,long,bf,,,
M03,466.597,992.629977,,o,m,dohpeseng,front,front,long,ff,,,
M03,550.915445,981.785435,,oa,m,koakon,back,back,short,bb,,,
M03,454.419,1036.748,,o,m,kopil,back,front,short,bf,,,
M03,615.955694,1103.2,,oa,m,poak,front,back,short,fb,,,
M03,598.591831,1320.54,,oa,m,koadi,back,front,short,bf,,,
M03,450.89,868.619583,,o,m,kohke,back,back,long,bb,,,
M03,639.846,1060.05,,oa,m,koahkoa,back,back,long,bb,,,
M03,630.866888,1041.8324,,oa,m,koahpi,back,front,long,bf,,,
M03,642.735,1085.583,,oa,m,poahd,front,front,long,ff,,,
M03,553.2719,1473.8065,,e,m,keke,back,back,short,bb,,,
M03,571.252245,1508.877614,,e,m,peki,front,back,short,fb,,,
M03,573.386093,1502.496861,,e,m,pepe,front,front,short,ff,,,
M03,514.1948,1728.864,,e,m,pehpe,front,front,long,ff,,,
M03,501.828244,1563.206544,,e,m,kehk,back,back,long,bb,,,
M03,589.367339,1477.832124,,e,m,kep,back,front,short,bf,,,
M03,556.437989,1634.292352,,e,m,kehp,back,front,long,bf,,,
M03,539.703584,1664.769398,,e,m,kehp,back,front,long,bf,,,
M03,546.36268,1792.274565,,e,m,pehkiek,front,back,long,fb,,,
F02,904.908373,1711.442,,a,f,pap,front,front,short,ff,,,
F02,821.08,1808.429541,,e,f,dek,front,back,short,fb,,,
F02,501.714272,1729.19,,i,f,pik,front,back,short,fb,,,
F02,866.131,1433.487484,,o,f,pok,front,back,short,fb,,,
F02,817.219383,1153.466332,,oa,f,poar,front,back,short,fb,,,
F02,769.055,1112.636737,,oa,f,koal,back,front,short,bf,,,
F02,510.19,1359.7,,u,f,tuki,back,back,short,bb,,,
F02,975.453622,1559.82,,a,f,pahpa,front,front,long,ff,,,
F02,650.78319,2501.859933,,e,f,dehk,front,back,long,fb,,,
F02,528.401894,2580.1,,i,f,pihk,front,back,long,fb,,,
F02,616.73,842.454786,,o,f,pohk,front,back,long,fb,,,
F02,813.363756,1132.4845,,oa,f,poahr,front,back,long,fb,,,
F02,799.98,1177.345984,,oa,f,koahl,back,front,long,bf,,,
F02,473.831187,981.5328,,u,f,tuhke,back,back,long,bb,,,
F02,983.93,1655.17,,a,f,pak,front,back,short,fb,,,
F02,878.0285,1584.057,,a,f,kapa,back,front,short,bf,,,
F02,985.412627,1611.721698,,a,f,kak,back,back,short,bb,,,
F02,1020.693351,1573.283313,,a,f,pahk,front,back,long,fb,,,
F02,984.2558,1649.836249,,a,f,kahk,back,back,long,bb,,,
F02,1066.586,1594.952953,,a,f,kahp,back,front,long,bf,,,
F02,524.456168,1209.286252,,u,f,dul,front,front,short,ff,,,
F02,579.398,1123.322677,,u,f,kuk,back,back,short,bb,,,
F02,590.718439,1136.53,,u,f,duk,front,back,short,fb,,,
F02,478.542345,962.989374,,u,f,duhp,front,front,long,ff,,,
F02,510.712344,789.042277,,u,f,kuht,back,back,long,bb,,,
F02,501.49,837.277231,,u,f,duhkihla,front,back,long,bf,,,
F02,471.169959,951.236752,,u,f,kuhpene,back,front,long,bf,,,
F02,556.716161,1895.47776,,i,f,pip,front,front,short,ff,,,
F02,534.99,1745.157,,i,f,kik,back,back,short,bb,,,
F02,563.712,1699.688,,i,f,pik,front,back,short,fb,,,
F02,524.153779,1603.813297,,i,f,kipar,back,front,short,bf,,,
F02,557.19464,2766.14,,i,f,dihp,front,front,long,ff,,,
